  {
    "id": 101,
    "is_start": false,
    "type": 4,
    "name": "ФИНАЛ: БОРЩ БЕЗ СМЕТАНЫ",
    "description": "Срок истек. Вы получили свои деньги. Ни плюса, ни минуса. Как тарелка борща, в которую забыли положить сметану. Вроде бы сытно, но чего-то не хватило для полного счастья.",
    "image": "final_borscht",
    "properties_yes": {
      "text": "Закрыть папку и жить дальше",
      "pos": {
        "id_next": -1,
        "moves_next": 0,
        "chance": 1.0,
        "properties": {"mood": 10, "money": 5, "family": 10, "investitions": 5}
      },
      "neg": {
        "id_next": -1,
        "moves_next": 0,
        "chance": 0.0,
        "properties": {}
      },
      "neu": {
        "id_next": -1,
        "moves_next": 0,
        "chance": 0.0,
        "properties": {}
      }
    },
    "properties_no": {
      "text": "Пойти ужинать",
      "pos": {
        "id_next": -1,
        "moves_next": 0,
        "chance": 1.0,
        "properties": {"mood": 5, "family": 15, "investitions": 0}
      },
      "neg": {
        "id_next": -1,
        "moves_next": 0,
        "chance": 0.0,
        "properties": {}
      },
      "neu": {
        "id_next": -1,
        "moves_next": 0,
        "chance": 0.0,
        "properties": {}
      }
    }
  }