  {
    "id": 14,
    "is_start": false,
    "type": 1,
    "name": "Гаражная экономика",
    "description": "Дядя Яша предлагает «инвестировать» в его новую бизнес-идею: «Огурцы с доставкой на харлее». «Будет и прибыль, и на мотоцикле покатаешься!». Вложиться в стартап?",
    "image": "garage_business",
    "properties_yes": {
      "text": "Поддержать инновации",
      "pos": {
        "id_next": -10,
        "moves_next": 1,
        "chance": 0.2,
        "properties": {"mood": 20, "family": 10, "money": 15}
      },
      "neg": {
        "id_next": -10,
        "moves_next": 1,
        "chance": 0.6,
        "properties": {"mood": -20, "money": -20, "family": -10}
      },
      "neu": {
        "id_next": -10,
        "moves_next": 1,
        "chance": 0.2,
        "properties": {"mood": -5, "money": -10}
      }
    },
    "properties_no": {
      "text": "Отказаться вежливо",
      "pos": {
        "id_next": -10,
        "moves_next": 1,
        "chance": 0.7,
        "properties": {"mood": 10, "money": 5}
      },
      "neg": {
        "id_next": -10,
        "moves_next": 1,
        "chance": 0.2,
        "properties": {"family": -5}
      },
      "neu": {
        "id_next": -10,
        "moves_next": 1,
        "chance": 0.1,
        "properties": {}
      }
    }
  }