  {
    "id": 23,
    "is_start": false,
    "type": 2,
    "name": "Внук и Харлей",
    "description": "Степа нарисовал вас на харлее с надписью «Самый крутой дед». «Это тебе на удачу, чтобы быстрее накопил!». Повесить рисунок в гараже как мотивацию?",
    "image": "grandson_drawing",
    "properties_yes": {
      "text": "Создать алтарь мечты",
      "pos": {
        "id_next": -10,
        "moves_next": 1,
        "chance": 0.6,
        "properties": {"mood": 20, "family": 15, "investitions": 10}
      },
      "neg": {
        "id_next": -10,
        "moves_next": 1,
        "chance": 0.2,
        "properties": {"mood": -10}
      },
      "neu": {
        "id_next": -10,
        "moves_next": 1,
        "chance": 0.2,
        "properties": {"family": 5}
      }
    },
    "properties_no": {
      "text": "Оставить на холодильнике",
      "pos": {
        "id_next": -10,
        "moves_next": 1,
        "chance": 0.5,
        "properties": {"mood": 10, "family": 10}
      },
      "neg": {
        "id_next": -10,
        "moves_next": 1,
        "chance": 0.3,
        "properties": {"mood": -5, "family": -5}
      },
      "neu": {
        "id_next": -10,
        "moves_next": 1,
        "chance": 0.2,
        "properties": {}
      }
    }
  }