  {
    "id": 24,
    "is_start": false,
    "type": 2,
    "name": "Марьяна и гарантии",
    "description": "Марьяна звонит: «Валерий Палыч, ваши инвестиции выросли на 5%! Но помните, гарантия работает только если вы... доживете». Пошутить про свой навык дожития?",
    "image": "mariana_guarantee",
    "properties_yes": {
      "text": "Пошутить про свое бессмертие",
      "pos": {
        "id_next": -10,
        "moves_next": 1,
        "chance": 0.7,
        "properties": {"mood": 15, "investitions": 10}
      },
      "neg": {
        "id_next": -10,
        "moves_next": 1,
        "chance": 0.2,
        "properties": {"mood": -10}
      },
      "neu": {
        "id_next": -10,
        "moves_next": 1,
        "chance": 0.1,
        "properties": {}
      }
    },
    "properties_no": {
      "text": "Выслушать серьезно",
      "pos": {
        "id_next": -10,
        "moves_next": 1,
        "chance": 0.5,
        "properties": {"mood": 5, "investitions": 5}
      },
      "neg": {
        "id_next": -10,
        "moves_next": 1,
        "chance": 0.3,
        "properties": {"mood": -5}
      },
      "neu": {
        "id_next": -10,
        "moves_next": 1,
        "chance": 0.2,
        "properties": {}
      }
    }
  }