{
  "id": 201,
  "is_start": false,
  "type": 0,
  "name": "Приход в банк",
  "description": "У Валерия Палыча есть накопления. Как раз пришло время продлить вклад или забрать его. Накапало 1,5 млн. Неплохая сумма",
  "image": "Babki",
  
  "properties_yes": {
    "text": "Ай, молодец!",
    "pos": {
      "id_next": 301,
      "moves_next": 1,
      "chance": 1,
      "properties": {
        "red": -30,
        "yellow": -20,
        "green": -10,
        "blue": 50
      }
    },
    "neg": {
      "id_next": 2,
      "moves_next": 1,
      "chance": 0,
      "properties": {
        "red": -30,
        "yellow": -20,
        "green": -10,
        "blue": 50
      }
    },
    "neu": {
      "id_next": -10,
      "moves_next": 2,
      "chance": 0,
      "properties": {
        "red": -30,
        "yellow": -20,
        "green": -10,
        "blue": 50
      }
    }
  },


  "properties_no": {
    "text": "Кому как...",
    "pos": {
      "id_next": 301,
      "moves_next": 1,
      "chance": 1,
      "properties": {
        "red": -30,
        "yellow": -20,
        "green": -10,
        "blue": 50
      }
    },
    "neg": {
      "id_next": -10,
      "moves_next": 2,
      "chance": 0,
      "properties": {
        "red": -30,
        "yellow": -20,
        "green": -10,
        "blue": 50
      }
    },
    "neu": {
      "id_next":-10,
      "moves_next": 2,
      "chance": 0,
      "properties": {
        "red": -30,
        "yellow": -20,
        "green": -10,
        "blue": 50
      }
    }
  }
}