{
  "id": 3,
  "is_start": false,
  "type": 0,
  "name": "Сомнения в гараже",
  "description": "Вечером в гараже, перебирая банки с огурцами, вы задумались: «А не зря ли я согласился на эту страховку? Может, лучше было купить запчасти для будущего Харлея?»",
  "image": "garage_doubts",
  "properties_yes": {
    "text": "Позвонить Марьяне и уточнить",
    "pos": {
      "id_next": -10,
      "moves_next": 1,
      "chance": 0.5,
      "properties": {"mood": 10, "investitions": 5}
    },
    "neg": {
      "id_next": -10,
      "moves_next": 1,
      "chance": 0.3,
      "properties": {"mood": -10, "money": -5}
    },
    "neu": {
      "id_next": -10,
      "moves_next": 1,
      "chance": 0.2,
      "properties": {"mood": -5}
    }
  },
  "properties_no": {
    "text": "Засолить еще огурцов для уверенности",
    "pos": {
      "id_next": -10,
      "moves_next": 1,
      "chance": 0.6,
      "properties": {"mood": 15, "family": 10}
    },
    "neg": {
      "id_next": -10,
      "moves_next": 1,
      "chance": 0.2,
      "properties": {"mood": -5, "money": -10}
    },
    "neu": {
      "id_next": -10,
      "moves_next": 1,
      "chance": 0.2,
      "properties": {"family": 5}
    }
  }
}