 {
    "id": 30,
    "is_start": false,
    "type": 3,
    "name": "Объяснение для внука",
    "description": "Степа спрашивает: «Деда, а чо это у тебя, деньги в сейфе закопали?». Попытаться обьяснить внуку суть ИСЖ простыми словами?",
    "image": "grandson_question",
    "properties_yes": {
      "text": "Объяснить на примере гаража",
      "pos": {
        "id_next": -10,
        "moves_next": 1,
        "chance": 0.5,
        "properties": {"mood": 20, "family": 15, "investitions": 10}
      },
      "neg": {
        "id_next": -10,
        "moves_next": 1,
        "chance": 0.3,
        "properties": {"mood": -10, "family": -5}
      },
      "neu": {
        "id_next": -10,
        "moves_next": 1,
        "chance": 0.2,
        "properties": {"mood": -5}
      }
    },
    "properties_no": {
      "text": "Отмахнуться",
      "pos": {
        "id_next": -10,
        "moves_next": 1,
        "chance": 0.2,
        "properties": {"mood": 5}
      },
      "neg": {
        "id_next": -10,
        "moves_next": 1,
        "chance": 0.5,
        "properties": {"family": -10}
      },
      "neu": {
        "id_next": -10,
        "moves_next": 1,
        "chance": 0.3,
        "properties": {}
      }
    }
  }