  {
    "id": 32,
    "is_start": false,
    "type": 3,
    "name": "Финансовое просвещение",
    "description": "Степа принес двойку по математике. «Зато я знаю, что такое ИСЖ!» — гордо заявил он. Воспринять это как образовательный успех?",
    "image": "finance_education",
    "properties_yes": {
      "text": "Гордиться финансовой грамотностью",
      "pos": {
        "id_next": -10,
        "moves_next": 1,
        "chance": 0.5,
        "properties": {"mood": 20, "family": 10, "investitions": 10}
      },
      "neg": {
        "id_next": -10,
        "moves_next": 1,
        "chance": 0.3,
        "properties": {"mood": -10, "family": -10}
      },
      "neu": {
        "id_next": -10,
        "moves_next": 1,
        "chance": 0.2,
        "properties": {"family": 5}
      }
    },
    "properties_no": {
      "text": "Сосредоточиться на алгебре",
      "pos": {
        "id_next": -10,
        "moves_next": 1,
        "chance": 0.6,
        "properties": {"mood": 10, "family": 5}
      },
      "neg": {
        "id_next": -10,
        "moves_next": 1,
        "chance": 0.3,
        "properties": {"mood": -5}
      },
      "neu": {
        "id_next": -10,
        "moves_next": 1,
        "chance": 0.1,
        "properties": {}
      }
    }
  }