  {
    "id": 33,
    "is_start": false,
    "type": 3,
    "name": "ИСЖ для чайников",
    "description": "Жена просит объяснить ИСЖ «на пальцах». Сравнить с засолкой огурцов: «Гарантия — это банка, инвестиции — специи, а доход — тот самый хруст»?",
    "image": "cucumber_explanation",
    "properties_yes": {
      "text": "Использовать огуречную аналогию",
      "pos": {
        "id_next": -10,
        "moves_next": 1,
        "chance": 0.7,
        "properties": {"mood": 15, "family": 15, "investitions": 10}
      },
      "neg": {
        "id_next": -10,
        "moves_next": 1,
        "chance": 0.2,
        "properties": {"mood": -10}
      },
      "neu": {
        "id_next": -10,
        "moves_next": 1,
        "chance": 0.1,
        "properties": {"family": 5}
      }
    },
    "properties_no": {
      "text": "Объяснить официальными терминами",
      "pos": {
        "id_next": -10,
        "moves_next": 1,
        "chance": 0.3,
        "properties": {"mood": 5, "investitions": 5}
      },
      "neg": {
        "id_next": -10,
        "moves_next": 1,
        "chance": 0.5,
        "properties": {"mood": -10, "family": -10}
      },
      "neu": {
        "id_next": -10,
        "moves_next": 1,
        "chance": 0.2,
        "properties": {}
      }
    }
  }