{
  "id": 301,
  "is_start": false,
  "type": 0,
  "name": "Зайти?",
  "description": "В задумчивости наш герой застыл перед входом",
  "image": "Bank",
  
  "properties_yes": {
    "text": "Зайти...",
    "pos": {
      "id_next": 401,
      "moves_next": 1,
      "chance": 1,
      "properties": {
        "red": -30,
        "yellow": -20,
        "green": -10,
        "blue": 50
      }
    },
    "neg": {
      "id_next": 4,
      "moves_next": 1,
      "chance": 0,
      "properties": {
        "red": -30,
        "yellow": -20,
        "green": -10,
        "blue": 50
      }
    },
    "neu": {
      "id_next": 4,
      "moves_next": 1,
      "chance": 0,
      "properties": {
        "red": -30,
        "yellow": -20,
        "green": -10,
        "blue": 50
      }
    }
  },


  "properties_no": {
    "text": "Та пусть лежат дальше...",
    "pos": {
      "id_next": 401,
      "moves_next": 1,
      "chance": 1,
      "properties": {
        "red": -30,
        "yellow": -20,
        "green": -10,
        "blue": 50
      }
    },
    "neg": {
      "id_next": 4,
      "moves_next": 1,
      "chance": 0,
      "properties": {
        "red": -30,
        "yellow": -20,
        "green": -10,
        "blue": 50
      }
    },
    "neu": {
      "id_next":4,
      "moves_next": 1,
      "chance": 0,
      "properties": {
        "red": -30,
        "yellow": -20,
        "green": -10,
        "blue": 50
      }
    }
  }
}