{
  "id": 5,
  "is_start": false,
  "type": 1,
  "name": "Совет от дяди Яши",
  "description": "Дядя Яша, узнав про ваши инвестиции, качает головой: «Эх, Валера, лучше бы в гараже мастерскую открыл! Деньги на бензин сразу пошли бы!». Прислушаться к совету бывалого?",
  "image": "uncle_advice",
  "properties_yes": {
    "text": "Задуматься о мастерской",
    "pos": {
      "id_next": -10,
      "moves_next": 1,
      "chance": 0.3,
      "properties": {"mood": 10, "money": 15, "family": 5}
    },
    "neg": {
      "id_next": -10,
      "moves_next": 1,
      "chance": 0.5,
      "properties": {"mood": -15, "money": -20, "investitions": -10}
    },
    "neu": {
      "id_next": -10,
      "moves_next": 1,
      "chance": 0.2,
      "properties": {"mood": -5}
    }
  },
  "properties_no": {
    "text": "Остаться при своем мнении",
    "pos": {
      "id_next": -10,
      "moves_next": 1,
      "chance": 0.6,
      "properties": {"mood": 10, "investitions": 10}
    },
    "neg": {
      "id_next": -10,
      "moves_next": 1,
      "chance": 0.3,
      "properties": {"family": -5}
    },
    "neu": {
      "id_next": -10,
      "moves_next": 1,
      "chance": 0.1,
      "properties": {}
    }
  }
}