  {
    "id": 50,
    "is_start": false,
    "type": 3,
    "name": "Суть ИСЖ: Объяснение для всех",
    "description": "Вы стали местным экспертом по ИСЖ! Соседи просят объяснить простыми словами. «Представьте, что деньги — это ваш огород. Гарантия — это забор, а инвестиции — это дождь. Бывает мало, бывает много, но урожай вы соберете в любом случае!»",
    "image": "isg_explanation",
    "properties_yes": {
      "text": "Стать финансовым гуру",
      "pos": {
        "id_next": -10,
        "moves_next": 1,
        "chance": 0.6,
        "properties": {"mood": 20, "family": 15, "investitions": 20}
      },
      "neg": {
        "id_next": -10,
        "moves_next": 1,
        "chance": 0.3,
        "properties": {"mood": -10}
      },
      "neu": {
        "id_next": -10,
        "moves_next": 1,
        "chance": 0.1,
        "properties": {"family": 5}
      }
    },
    "properties_no": {
      "text": "Скромно промолчать",
      "pos": {
        "id_next": -10,
        "moves_next": 1,
        "chance": 0.5,
        "properties": {"mood": 10, "investitions": 10}
      },
      "neg": {
        "id_next": -10,
        "moves_next": 1,
        "chance": 0.4,
        "properties": {"mood": -5}
      },
      "neu": {
        "id_next": -10,
        "moves_next": 1,
        "chance": 0.1,
        "properties": {}
      }
    }
  }