  {
    "id": 51,
    "is_start": false,
    "type": 3,
    "name": "Итоговый урок",
    "description": "Подводя итоги, вы понимаете: ИСЖ — это не про быстрые деньги, а про спокойный сон. «Это как солить огурцы — нужно время, чтобы получился тот самый хруст». Поделиться озарением с семьей?",
    "image": "final_lesson",
    "properties_yes": {
      "text": "Устроить семейный семинар",
      "pos": {
        "id_next": 100,
        "moves_next": 1,
        "chance": 0.7,
        "properties": {"mood": 25, "family": 20, "investitions": 15}
      },
      "neg": {
        "id_next": 101,
        "moves_next": 1,
        "chance": 0.2,
        "properties": {"mood": -10, "family": -10}
      },
      "neu": {
        "id_next": 101,
        "moves_next": 1,
        "chance": 0.1,
        "properties": {"mood": 5}
      }
    },
    "properties_no": {
      "text": "Оставить мысли при себе",
      "pos": {
        "id_next": 101,
        "moves_next": 1,
        "chance": 0.5,
        "properties": {"mood": 15, "investitions": 10}
      },
      "neg": {
        "id_next": 101,
        "moves_next": 1,
        "chance": 0.3,
        "properties": {"mood": -5}
      },
      "neu": {
        "id_next": 101,
        "moves_next": 1,
        "chance": 0.2,
        "properties": {}
      }
    }
  }