{
  "id": 501,
  "is_start": false,
  "type": 0,
  "name": "Конец",
  "description": "Ничего не изменилось в жизни Валерий Палыча. МОжет деньги его сгорели, а может и нет... Мы об этом не узнаем... Додумывайте сами. Вот такой вот вклад Шредингера получился как картина Малевича... Понимай как знаешь....",
  "image": "Kvadrat",
  
  "properties_yes": {
    "text": "Зайти...",
    "pos": {
      "id_next": 401,
      "moves_next": 1,
      "chance": 1,
      "properties": {
        "red": -30,
        "yellow": -20,
        "green": -10,
        "blue": 50
      }
    },
    "neg": {
      "id_next": 701,
      "moves_next": 1,
      "chance": 0,
      "properties": {
        "red": -30,
        "yellow": -20,
        "green": -10,
        "blue": 50
      }
    },
    "neu": {
      "id_next": 4,
      "moves_next": 1,
      "chance": 0,
      "properties": {
        "red": -30,
        "yellow": -20,
        "green": -10,
        "blue": 50
      }
    }
  },


  "properties_no": {
    "text": "Та пусть лежат дальше...",
    "pos": {
      "id_next": 501,
      "moves_next": 1,
      "chance": 1,
      "properties": {
        "red": -30,
        "yellow": -20,
        "green": -10,
        "blue": 50
      }
    },
    "neg": {
      "id_next": 4,
      "moves_next": 1,
      "chance": 0,
      "properties": {
        "red": -30,
        "yellow": -20,
        "green": -10,
        "blue": 50
      }
    },
    "neu": {
      "id_next":4,
      "moves_next": 1,
      "chance": 0,
      "properties": {
        "red": -30,
        "yellow": -20,
        "green": -10,
        "blue": 50
      }
    }
  }
}