{
  "id": 8,
  "is_start": false,
  "type": 1,
  "name": "Борщевой кризис",
  "description": "Жена готовит борщ и ворчит: «Опять ты в своих бумажках копаешься! Лучше бы картошку почистил!». Напомнить ей о важности диверсификации портфеля?",
  "image": "borscht_crisis",
  "properties_yes": {
    "text": "Прочесть лекцию о диверсификации",
    "pos": {
      "id_next": -10,
      "moves_next": 1,
      "chance": 0.3,
      "properties": {"mood": 10, "family": 5, "investitions": 5}
    },
    "neg": {
      "id_next": -10,
      "moves_next": 1,
      "chance": 0.5,
      "properties": {"mood": -15, "family": -15}
    },
    "neu": {
      "id_next": -10,
      "moves_next": 1,
      "chance": 0.2,
      "properties": {"mood": -5}
    }
  },
  "properties_no": {
    "text": "Молча почистить картошку",
    "pos": {
      "id_next": -10,
      "moves_next": 1,
      "chance": 0.8,
      "properties": {"mood": 5, "family": 20}
    },
    "neg": {
      "id_next": -10,
      "moves_next": 1,
      "chance": 0.1,
      "properties": {"mood": -5}
    },
    "neu": {
      "id_next": -10,
      "moves_next": 1,
      "chance": 0.1,
      "properties": {}
    }
  }
}