{
  "id": 1001,
  "is_start": true,
  "type": 0,
  
  "name": "Знакомство с персонажем",
  "description": "Это, Валерий Палыч Скородумов, 45 лет, менеджер среднего звена. Человек, который любит надежность (как утюги советских времен) и читает договоры до конца (что уже делает его местной достопримечательностью).",
  "image": "Valery_Palich",

  "properties_yes": {
    "text": "приятно познакомиться",
    "pos": {
      "id_next": 201,
      "moves_next": 1,
      "chance": 1,
      "properties": {
        "red": -30,
        "yellow": -20,
        "green": -10,
        "blue": 50
      }
    },
    "neg": {
      "id_next": 4,
      "moves_next": 2,
      "chance": 0,
      "properties": {
        "red": -30,
        "yellow": -20,
        "green": -10,
        "blue": 50
      }
    },
    "neu": {
      "id_next": 2,
      "moves_next": 1,
      "chance": 0,
      "properties": {
        "red": -30,
        "yellow": -20,
        "green": -10,
        "blue": 50
      }
    }
  },


  "properties_no": {
    "text": "ясно",
    "pos": {
      "id_next": 201,
      "moves_next": 1,
      "chance": 1,
      "properties": {
        "red": -30,
        "yellow": -20,
        "green": -10,
        "blue": 50
      }
    },
    "neg": {
      "id_next": 4,
      "moves_next": 2,
      "chance": 0,
      "properties": {
        "red": -30,
        "yellow": -20,
        "green": -10,
        "blue": 50
      }
    },
    "neu": {
      "id_next": 401,
      "moves_next": 2,
      "chance": 0,
      "properties": {
        "red": -30,
        "yellow": -20,
        "green": -10,
        "blue": 50
      }
    }
  }
}